{
  "phases": {
    "package": {
      "context": {
        "resources": {
          "url": "{SHA_ARCHIVE}",
          "path": "/bitnami/argo-workflows"
        }
      },
      "actions": [
        {
          "action_id": "helm-package"
        },
        {
          "action_id": "helm-lint"
        }
      ]
    },
    "verify": {
      "context": {
        "resources": {
          "url": "{SHA_ARCHIVE}",
          "path": "/bitnami/argo-workflows"
        },
        "target_platform": {
          "target_platform_id": "{VIB_ENV_TARGET_PLATFORM}",
          "size": {
            "name": "S4"
          }
        }
      },
      "actions": [
        {
          "action_id": "health-check",
          "params": {
            "endpoint": "lb-argo-workflows-server-http",
            "app_protocol": "HTTP"
          }
        },
        {
          "action_id": "cypress",
          "params": {
            "resources": {
              "path": "/.vib/argo-workflows/cypress"
            },
            "endpoint": "lb-argo-workflows-server-http",
            "app_protocol": "HTTP"
          }
        }
      ]
    }
  }
}
