{
  "phases": {
    "package": {
      "context": {
        "resources": {
          "url": "{SHA_ARCHIVE}",
          "path": "/bitnami/kubeapps"
        }
      },
      "actions": [
        {
          "action_id": "helm-package"
        },
        {
          "action_id": "helm-lint"
        }
      ]
    },
    "verify": {
      "context": {
        "resources": {
          "url": "{SHA_ARCHIVE}",
          "path": "/bitnami/kubeapps"
        },
        "target_platform": {
          "target_platform_id": "{VIB_ENV_TARGET_PLATFORM}",
          "size": {
            "name": "S4"
          }
        }
      },
      "actions": [
        {
          "action_id": "health-check",
          "params": {
            "endpoint": "lb-kubeapps-http",
            "app_protocol": "HTTP"
          }
        },
        {
          "action_id": "goss",
          "params": {
            "resources": {
              "path": "/.vib"
            },
            "tests_file": "kubeapps/goss/goss.yaml",
            "vars_file": "kubeapps/runtime-parameters.yaml",
            "remote": {
              "pod": {
                "workload": "deploy-kubeapps-internal-kubeappsapis"
              }
            }
          }
        },
        {
          "action_id": "cypress",
          "params": {
            "resources": {
              "path": "/.vib/kubeapps/cypress"
            },
            "endpoint": "lb-kubeapps-http",
            "env": {
              "repoName": "bitnami",
              "repoURL": "oci://registry-1.docker.io/bitnamicharts"
            },
            "app_protocol": "HTTP"
          }
        }
      ]
    }
  }
}
