{
  "phases": {
    "package": {
      "context": {
        "resources": {
          "url": "{SHA_ARCHIVE}",
          "path": "/bitnami/grafana-operator"
        }
      },
      "actions": [
        {
          "action_id": "helm-package"
        },
        {
          "action_id": "helm-lint"
        }
      ]
    },
    "verify": {
      "context": {
        "resources": {
          "url": "{SHA_ARCHIVE}",
          "path": "/bitnami/grafana-operator"
        },
        "target_platform": {
          "target_platform_id": "{VIB_ENV_TARGET_PLATFORM}",
          "size": {
            "name": "S4"
          }
        }
      },
      "actions": [
        {
          "action_id": "health-check",
          "params": {
            "endpoint": "lb-grafana-operator-grafana-service-grafana-ve",
            "app_protocol": "HTTP"
          }
        },
        {
          "action_id": "goss",
          "params": {
            "resources": {
              "path": "/.vib"
            },
            "tests_file": "grafana-operator/goss/goss.yaml",
            "vars_file": "grafana-operator/runtime-parameters.yaml",
            "remote": {
              "pod": {
                "workload": "deploy-grafana-operator"
              }
            }
          }
        },
        {
          "action_id": "cypress",
          "params": {
            "resources": {
              "path": "/.vib/grafana-operator/cypress"
            },
            "endpoint": "lb-grafana-operator-grafana-service-grafana-ve",
            "app_protocol": "HTTP",
            "env": {
              "username": "test_admin",
              "password": "ComplicatedPassword123!4"
            }
          }
        }
      ]
    }
  }
}
