{
  "phases": {
    "package": {
      "context": {
        "resources": {
          "url": "{SHA_ARCHIVE}",
          "path": "/bitnami/appsmith"
        }
      },
      "actions": [
        {
          "action_id": "helm-package"
        },
        {
          "action_id": "helm-lint"
        }
      ]
    },
    "verify": {
      "context": {
        "resources": {
          "url": "{SHA_ARCHIVE}",
          "path": "/bitnami/appsmith"
        },
        "target_platform": {
          "target_platform_id": "{VIB_ENV_TARGET_PLATFORM}",
          "size": {
            "name": "L4"
          }
        }
      },
      "actions": [
        {
          "action_id": "health-check",
          "params": {
            "endpoint": "lb-appsmith-http",
            "app_protocol": "HTTP"
          }
        },
        {
          "action_id": "goss",
          "params": {
            "resources": {
              "path": "/.vib"
            },
            "tests_file": "appsmith/goss/goss.yaml",
            "vars_file": "appsmith/runtime-parameters.yaml",
            "remote": {
              "pod": {
                "workload": "deploy-appsmith"
              }
            }
          }
        },
        {
          "action_id": "cypress",
          "params": {
            "resources": {
              "path": "/.vib/appsmith/cypress"
            },
            "endpoint": "lb-appsmith-http",
            "app_protocol": "HTTP",
            "env": {
              "email": "user@example.com",
              "password": "bitnami!1234"
            }
          }
        }
      ]
    }
  }
}
