{
  "phases": {
    "package": {
      "context": {
        "resources": {
          "url": "{SHA_ARCHIVE}",
          "path": "/bitnami/apisix"
        }
      },
      "actions": [
        {
          "action_id": "helm-package"
        },
        {
          "action_id": "helm-lint"
        }
      ]
    },
    "verify": {
      "context": {
        "resources": {
          "url": "{SHA_ARCHIVE}",
          "path": "/bitnami/apisix"
        },
        "target_platform": {
          "target_platform_id": "{VIB_ENV_ALTERNATIVE_TARGET_PLATFORM}",
          "size": {
            "name": "S4"
          }
        }
      },
      "actions": [
        {
          "action_id": "health-check",
          "params": {
            "endpoint": "lb-apisix-data-plane-http"
          }
        },
        {
          "action_id": "goss",
          "params": {
            "resources": {
              "path": "/.vib"
            },
            "tests_file": "apisix/goss/goss.yaml",
            "vars_file": "apisix/runtime-parameters.yaml",
            "remote": {
              "pod": {
                "workload": "deploy-apisix-data-plane"
              }
            }
          }
        },
        {
          "action_id": "cypress",
          "params": {
            "resources": {
              "path": "/.vib/apisix/cypress"
            },
            "endpoint": "lb-apisix-dashboard-http",
            "app_protocol": "HTTP",
            "env": {
              "username": "vib-user",
              "password": "ComplicatedPassword123!4"
            }
          }
        }
      ]
    }
  }
}
